latitudes,longitudes,Year,Month,Day,Time,hum_1,hum_2,hum_3,hum_4,hum_5,hum_6,hum_7,hum_8,hum_9,hum_10,hum_11,hum_12,hum_13,hum_14,hum_15,hum_16,hum_17,hum_18,hum_19,hum_20,hum_21,hum_22,hum_23,hum_24,hum_25,hum_26,hum_27,hum_28,hum_29,hum_30
-57.06,40.94,2022,1,1,19.81,58.8977,48.3205,52.5712,53.809,48.9616,51.0156,54.1386,35.9881,39.1479,45.6127,38.8467,11.3183,4.0999,1.9673,1.4435,1.446,1.1685,0.9642,0.7934,0.58,0.4583,0.3932,0.3026,0.2407,0.1753,0.116,0.0781,0.0588,0.0431,0.0309
-45.72,16.85,2022,1,1,19.85,74.4966,73.7171,20.0873,8.7089,0.9617,26.9987,29.3761,41.446,28.3815,28.4263,14.5297,4.8243,2.1106,1.3948,1.0319,0.8201,0.8104,0.7398,0.6642,0.6037,0.5141,0.4393,0.3909,0.3199,0.2525,0.1769,0.1049,0.0745,0.0575,0.0462
-41.99,45.35,2022,1,1,19.86,79.4015,38.9867,36.2065,32.5153,22.3151,12.478,21.9891,50.3532,60.0578,56.4589,50.2448,15.5195,5.7025,3.4639,2.7071,2.4187,2.138,1.7672,1.5498,1.1294,0.7799,0.6488,0.4877,0.3701,0.271,0.2067,0.1683,0.1364,0.1052,0.077
-16.62,5.63,2022,1,1,19.97,71.2972,39.6898,60.3356,48.2225,7.8118,2.3993,11.3662,7.3946,3.9447,7.3112,12.7761,17.8225,26.2666,31.149,28.3661,20.7942,28.3958,26.2817,17.2352,8.5203,4.2954,2.3503,1.4224,0.9509,0.6551,0.4345,0.258,0.1631,0.1108,0.0775
-43.22,-141.42,2022,1,1,20.0,85.7666,45.3318,39.225,23.3961,10.5575,11.3302,17.5693,36.32,27.8495,24.6548,45.4148,52.243,53.1087,30.3488,6.3542,4.1162,4.1282,3.145,2.7144,1.9122,1.1908,0.9542,0.7608,0.6008,0.4235,0.3029,0.213,0.1549,0.1045,0.0703
0.65,-142.04,2022,1,1,20.0,81.7222,32.3335,10.4596,40.9467,71.1401,54.1232,13.6328,9.7312,6.771,10.3351,11.3605,13.9284,21.0951,29.6758,24.686,22.7085,21.5648,22.4815,12.1002,7.7438,6.2827,3.7879,3.1136,1.6082,0.8867,0.5074,0.232,0.1209,0.0706,0.0453
-7.37,-179.04,2022,1,1,20.05,80.1774,90.4719,89.4168,94.6735,88.9535,79.8922,75.4875,74.0622,62.5655,47.4741,41.9254,48.3707,53.7376,52.1909,38.1884,40.7825,39.0025,38.3845,18.8287,9.4763,7.5552,4.185,2.5694,1.0898,0.6029,0.3927,0.2508,0.1605,0.0989,0.0625
-48.44,161.23,2022,1,1,20.06,81.2728,44.8466,23.0095,19.8589,11.6043,24.8538,33.0996,43.4771,54.0251,59.0706,33.8852,11.3112,3.7462,1.4936,2.1333,3.0477,2.5611,2.4305,2.0059,1.1589,0.9014,0.6986,0.4893,0.3281,0.2869,0.2244,0.1539,0.1087,0.08,0.0599
-64.04,-166.72,2022,1,1,20.06,93.6252,88.5999,89.19,83.8826,71.2932,72.2164,64.1843,36.7199,16.5986,5.3564,2.005,1.0412,0.7064,0.5232,0.4308,0.3879,0.3674,0.2994,0.2596,0.2111,0.1633,0.1289,0.1031,0.095,0.0904,0.0693,0.0484,0.0391,0.032,0.0229
9.93,30.44,2022,1,1,20.11,12.3271,18.3399,35.8545,42.8297,21.5369,15.8655,32.789,21.2993,12.8327,53.3371,62.5601,55.6398,39.9114,6.4338,13.3116,22.6916,23.1659,21.6716,27.6874,16.2679,6.1082,3.6634,1.6446,0.9627,0.693,0.5384,0.3224,0.2203,0.1743,0.0963
-21.45,-157.72,2022,1,1,20.13,79.9808,66.4326,72.3214,74.9842,66.8551,45.0826,31.5158,22.6096,17.1986,12.9426,12.9308,32.8152,47.9953,47.2578,55.5397,21.3428,12.5151,13.0138,10.4519,6.1311,3.654,1.7346,1.1015,0.7896,0.5255,0.335,0.2133,0.1508,0.1108,0.085
-73.30,131.50,2022,1,1,20.15,NAN,NAN,48.6604,78.3848,71.6426,67.0974,79.2265,43.5938,41.0573,15.2105,7.8421,4.8691,2.8717,1.5588,0.8959,0.5734,0.3906,0.2513,0.1498,0.1094,0.0862,0.0766,0.0639,0.038,0.024,0.0179,0.015,0.0127,0.0112,0.0092
26.95,-2.42,2022,1,1,20.2,46.3825,40.1483,23.3221,23.313,12.23,38.9743,31.0386,18.3639,11.0457,6.8108,10.6162,13.2461,11.1959,6.9623,5.3445,4.8891,6.0085,6.2239,5.0052,4.71,2.7817,1.8748,1.4297,0.9862,0.6999,0.5269,0.3639,0.2671,0.1923,0.1307
-67.24,103.86,2022,1,1,20.21,NAN,62.1095,68.8844,47.2461,31.978,38.5752,37.1091,42.8261,44.4555,28.2913,8.8299,3.7649,1.8881,1.2844,0.7971,0.501,0.2854,0.2093,0.157,0.1502,0.1294,0.114,0.1017,0.082,0.0553,0.0306,0.0225,0.0194,0.0159,0.0141
88.91,36.73,2022,1,1,20.22,69.4424,67.7611,51.3955,46.1911,30.4769,33.177,28.689,30.4448,45.8232,49.9981,43.3044,30.998,18.1317,13.2092,10.7468,10.6442,10.9074,11.5062,13.7866,15.942,16.5653,13.6549,14.8926,18.3124,15.1584,11.8373,10.4968,8.6982,6.9179,5.17
45.37,36.00,2022,1,1,20.26,85.3686,74.4359,42.5523,12.6396,7.373,25.1431,75.7108,57.2996,37.0695,35.54,10.9925,3.7397,3.1752,2.2616,1.9001,1.6563,1.3818,1.3672,1.1712,1.0329,1.2422,1.0139,0.7941,0.681,0.5962,0.4479,0.3533,0.2881,0.1921,0.1116
39.73,8.53,2022,1,1,20.27,50.4923,13.8726,5.5016,4.1362,5.6125,2.6862,10.9356,23.5685,22.1071,29.4746,37.8888,36.748,35.0215,16.5376,6.1754,4.8926,4.786,4.51,3.8976,2.7914,2.1847,1.4792,1.2635,0.8903,0.6506,0.5016,0.3747,0.2506,0.1547,0.1013
76.68,174.43,2022,1,1,20.29,71.922,60.8291,51.3793,37.5982,31.4474,25.2721,27.8132,39.6683,36.851,24.469,11.6623,6.8082,4.3913,3.4468,2.3176,1.8533,1.677,1.4804,1.0597,0.9513,0.956,0.875,0.719,0.5265,0.5116,0.6145,0.5322,0.3752,0.2723,0.2257
-70.22,-0.37,2022,1,1,20.29,79.2062,84.4537,84.579,84.1092,66.2744,48.9467,40.7588,19.9487,8.6695,2.1002,0.8255,0.5078,0.4231,0.3481,0.3025,0.2828,0.2639,0.2341,0.194,0.1663,0.1315,0.1115,0.1031,0.0922,0.0783,0.0575,0.0419,0.0351,0.0288,0.0229
-58.31,165.94,2022,1,1,20.33,87.4218,78.16,86.8242,83.9443,47.3541,7.7019,15.0482,17.9516,19.2139,21.9935,9.6622,5.7554,3.2748,2.0352,1.3814,0.9263,0.6631,0.5511,0.4552,0.3476,0.2408,0.222,0.1746,0.1322,0.1104,0.0863,0.0644,0.0525,0.0405,0.0298
53.64,-110.17,2022,1,1,20.35,85.8027,76.6753,49.6465,49.2329,58.4665,41.644,53.7518,55.0734,37.593,26.2879,37.3597,27.0328,5.346,2.6512,2.3788,2.275,1.8267,1.3839,1.2071,1.2499,1.4319,1.2415,1.2746,1.0829,0.9161,0.9145,0.8947,0.9011,0.826,0.6675
64.10,19.70,2022,1,1,20.37,39.1919,21.7598,17.6252,24.7131,74.5273,85.2463,75.0295,64.9661,54.1595,45.2615,40.5583,42.5595,30.5295,9.2476,8.5255,6.5112,6.131,5.8347,4.4889,3.9336,3.7131,3.7512,3.4862,3.346,2.9045,2.2208,1.546,1.1035,0.7234,0.4418
70.90,36.95,2022,1,1,20.39,63.6965,63.2342,20.1002,13.5058,39.9897,51.6112,47.1218,39.8022,31.3427,18.9841,11.3571,6.8753,5.7719,5.175,5.1631,5.6139,6.0608,6.8855,6.8558,8.0459,8.2019,7.9166,9.3468,8.3043,7.687,7.3514,6.2786,5.0054,3.8155,2.4441
-37.91,27.96,2022,1,1,20.42,65.0507,49.846,38.3723,35.1595,41.329,25.5942,26.557,33.8402,35.7535,46.3906,48.2219,20.4902,4.3514,2.4562,2.2523,1.9396,2.5807,2.6111,2.2177,1.3106,1.235,0.9161,0.6223,0.475,0.3639,0.2663,0.1763,0.131,0.105,0.0844
44.29,-148.26,2022,1,1,20.43,66.2638,31.9639,4.1261,2.5637,-4.7708,-0.5813,15.2511,13.88,9.5729,18.9335,10.2579,2.411,1.4607,1.1987,1.104,1.1859,1.0926,1.2938,1.2508,0.8959,0.9228,0.8417,0.7004,0.5553,0.3743,0.2756,0.2447,0.2461,0.2341,0.2091
-68.62,111.18,2022,1,1,20.44,NAN,54.5934,55.7655,79.7362,77.0919,60.3959,35.5962,44.8833,19.2754,8.2809,6.4959,4.1146,2.0788,1.4826,0.9005,0.5289,0.3485,0.2266,0.1421,0.1051,0.0946,0.089,0.0826,0.056,0.0392,0.0263,0.0165,0.0134,0.0132,0.0111
-29.64,44.79,2022,1,1,20.46,65.5359,37.2029,50.0388,32.43,39.2969,25.2044,3.2459,2.8128,8.7231,8.5784,14.2527,16.2974,14.214,12.214,10.0882,8.9163,11.4123,15.7811,8.5597,3.3584,1.9655,1.4428,1.1512,0.7533,0.561,0.3791,0.2237,0.1616,0.1371,0.1043
67.91,-69.00,2022,1,1,20.47,82.7957,73.5705,19.1122,33.259,48.1533,67.8734,56.0099,61.279,77.0043,31.2818,19.1283,12.5133,8.5383,7.7566,8.7964,8.9985,9.7661,9.8723,12.6668,14.7311,18.0314,23.9861,25.8368,30.5423,30.6186,24.5939,19.2063,15.1362,13.0594,10.9386
-26.69,14.51,2022,1,1,20.48,67.677,14.0973,3.9839,4.1763,6.3759,12.0296,12.9686,17.3804,26.442,33.6876,32.5983,29.8604,19.6381,8.3917,10.7072,13.4914,13.4753,10.693,9.6543,4.717,2.3549,1.5328,1.1048,0.6944,0.5359,0.431,0.302,0.2102,0.1359,0.0773
-74.30,23.99,2022,1,1,20.53,NAN,NAN,NAN,69.9183,77.5721,71.433,64.8961,54.1061,58.0594,47.643,7.75,1.7288,1.0907,0.708,0.6841,0.5409,0.4669,0.3578,0.2395,0.1984,0.1617,0.132,0.1056,0.086,0.0676,0.0551,0.0429,0.034,0.0274,0.0199
19.57,-161.33,2022,1,1,20.55,76.1421,71.3479,64.9573,54.0806,32.6632,57.0509,22.4766,15.9426,7.0753,2.1581,0.4421,0.8423,1.8916,3.5912,7.8634,12.4189,22.2776,24.8798,13.2,8.7461,5.6948,3.0933,1.4986,0.9335,0.6137,0.3748,0.1853,0.1481,0.1736,0.1985
-54.79,-10.73,2022,1,1,20.57,86.1988,71.3925,77.388,59.7126,24.0275,17.2211,23.4865,28.8025,44.9035,12.2878,2.2663,0.9874,0.7778,0.7026,0.6345,0.4757,0.3978,0.4348,0.3604,0.3561,0.2879,0.2478,0.2197,0.1826,0.1498,0.1193,0.0921,0.0741,0.0551,0.0363
-5.13,3.00,2022,1,1,20.6,78.7913,63.9801,58.2416,54.4609,56.4893,29.8891,13.4421,8.2462,9.1593,6.8932,8.0041,8.5305,17.2419,25.3301,35.7066,39.9893,40.846,36.0383,29.9655,22.4422,5.7603,2.881,1.7487,1.1639,0.8655,0.4881,0.2754,0.1744,0.104,0.063
7.59,-147.35,2022,1,1,20.61,81.0768,78.9892,74.8625,70.6692,69.9714,80.5644,72.6446,61.0515,49.4075,26.6916,16.3929,20.9017,28.7374,22.4621,21.9709,31.8589,34.4688,24.5646,8.8769,3.7663,3.0897,3.4642,2.6879,1.5005,0.8642,0.5371,0.2609,0.1354,0.0814,0.0562
62.03,-163.02,2022,1,1,20.63,50.0101,19.5269,17.2524,4.3376,-4.5125,-3.5367,19.2253,0.2169,6.4,4.5365,4.0725,1.7641,1.0296,0.9236,0.6616,0.5502,0.4799,0.4535,0.3861,0.406,0.3448,0.3492,0.3277,0.291,0.2719,0.2451,0.2095,0.1751,0.1401,0.1107
55.12,-148.84,2022,1,1,20.65,68.2151,85.6469,25.0391,29.7137,37.7211,1.3754,-10.1182,8.7229,2.9435,1.3036,0.4869,0.6783,0.5355,0.5436,0.463,0.4691,0.5397,0.4869,0.3739,0.407,0.3081,0.3173,0.3255,0.3081,0.3225,0.2651,0.2063,0.1901,0.1771,0.1552
-47.84,18.39,2022,1,1,20.66,78.5262,70.6734,31.7899,-4.3035,13.4057,20.3453,16.3622,22.6635,33.0182,13.5749,5.402,2.0418,1.1868,0.8899,0.6961,0.6608,0.6373,0.5708,0.5696,0.5244,0.4339,0.4006,0.3771,0.2973,0.2373,0.163,0.0986,0.0691,0.0537,0.0421
-44.58,31.14,2022,1,1,20.66,54.7079,23.0832,46.4382,72.687,50.601,45.0652,56.4535,70.5108,69.4212,14.9701,3.2051,2.3116,1.1331,1.0658,1.0198,1.0134,1.2654,1.4083,1.1162,0.909,0.6903,0.5576,0.4716,0.4011,0.2549,0.1591,0.1154,0.0997,0.0807,0.058
-6.35,175.86,2022,1,1,20.7,84.6342,77.3161,71.806,78.8287,83.1052,80.4976,75.5046,69.2488,62.2471,67.2263,62.4299,57.5137,53.8026,49.9746,49.8819,49.3334,54.1088,31.7453,14.9486,8.7282,6.242,4.5517,3.0622,1.4738,0.7321,0.4493,0.2773,0.1549,0.0776,0.0447
29.32,170.58,2022,1,1,20.73,76.3045,76.3223,62.2404,30.7732,7.4608,3.3445,1.4985,5.5175,7.6961,1.7004,1.9655,1.0415,1.1652,2.1079,4.0704,6.6865,8.0401,9.1563,17.5808,6.5156,2.5592,2.4058,2.0226,1.1426,0.6907,0.4578,0.3063,0.2361,0.1889,0.1491
19.44,-142.30,2022,1,1,20.75,75.1159,88.6076,75.6462,78.0774,74.9059,38.2635,57.9464,36.7861,34.9414,51.4041,54.8222,50.4687,48.439,38.0019,6.6392,4.5263,5.81,6.5124,5.1992,3.7964,2.3804,1.8194,1.3145,0.8427,0.5663,0.414,0.3243,0.2518,0.1748,0.113
-12.32,-7.02,2022,1,1,20.8,75.4886,19.4334,7.7659,23.986,30.3998,7.1716,7.2245,4.4354,9.9943,13.811,18.7609,25.0757,29.653,24.3578,25.7917,31.5871,40.4601,33.044,19.5046,7.9748,4.8173,2.2798,1.6963,1.2137,0.7571,0.3767,0.2754,0.2421,0.1509,0.0823
-25.08,166.37,2022,1,1,20.81,72.2059,62.5576,44.3057,10.5466,2.1801,32.485,73.1946,75.0204,73.5599,60.0625,53.0791,50.8675,28.32,28.8395,39.8545,45.3208,32.2266,21.6758,18.5089,10.7346,4.8999,2.4688,1.826,1.0221,0.5481,0.3839,0.2694,0.1688,0.1354,0.1209
-5.48,26.69,2022,1,1,20.82,60.1674,65.4642,65.0348,70.6673,50.2305,45.4605,61.5282,51.4019,58.8649,54.277,52.865,49.5183,44.1644,35.9034,23.368,30.0372,39.8096,73.3277,35.0349,13.1154,6.0244,2.9801,1.6927,1.208,0.6418,0.343,0.2221,0.1754,0.1336,0.092
52.42,-7.45,2022,1,1,20.86,77.2321,51.2423,63.4668,45.2156,65.0342,63.636,48.8364,57.6692,18.7181,10.4816,7.0287,4.953,2.971,2.329,1.9048,2.0867,2.1711,2.4199,2.4698,2.2037,2.043,1.9946,1.7703,1.4304,1.0312,0.7266,0.4917,0.2904,0.1729,0.0879
-49.16,-171.59,2022,1,1,20.87,60.5839,30.6101,25.6309,37.6283,22.0241,23.4789,30.7537,30.1095,25.584,21.828,10.6744,5.4442,3.2165,1.641,1.9171,2.2976,2.2273,1.6936,1.2245,0.9726,0.8548,0.7373,0.5387,0.3663,0.2749,0.2255,0.1816,0.1493,0.1119,0.0776
19.23,23.79,2022,1,1,20.94,54.2243,62.0906,7.021,2.7697,2.0525,2.4307,4.0712,1.4152,1.8122,-2.3129,7.1538,10.9494,11.3003,14.5623,17.6838,18.3249,20.6081,17.1337,11.6061,7.8412,3.5459,1.7894,1.2874,0.6349,0.4683,0.4013,0.3529,0.3028,0.2319,0.1624
-8.44,168.12,2022,1,1,20.94,83.3645,83.6366,83.4076,79.4636,81.2639,76.3021,74.9678,70.6749,59.0709,49.104,56.8594,60.9544,54.68,51.7427,50.3323,43.5411,48.7989,53.0686,19.8285,7.0537,5.8583,3.0509,1.9758,1.1469,0.68,0.4327,0.2558,0.1654,0.1109,0.0796
72.16,-9.30,2022,1,1,20.95,67.2795,60.8743,65.2385,25.7346,15.6932,15.0115,7.9486,10.2561,8.8807,6.814,6.0348,5.8355,6.2043,5.4709,5.4589,7.4124,8.662,9.397,8.272,7.7181,8.6417,11.031,15.5412,18.7249,19.9151,12.9617,7.6535,5.9044,4.5537,2.9359
-53.43,144.10,2022,1,1,20.96,77.8947,67.0055,46.1642,15.3523,7.708,18.7968,30.1004,17.0069,3.4127,3.6388,1.8091,1.3331,1.0922,1.0198,0.9845,0.787,0.5514,0.4866,0.3105,0.1949,0.1743,0.1678,0.1409,0.1211,0.1053,0.0833,0.0695,0.0608,0.0431,0.0275
71.62,47.66,2022,1,1,20.97,61.4994,38.1328,35.3707,49.9705,61.8336,57.9801,45.8387,56.5663,55.7574,56.0612,31.2831,11.58,7.6389,6.6686,6.6291,6.4406,7.2073,7.6778,9.1927,10.0106,10.9536,10.4819,10.2363,11.245,10.9731,9.296,7.6631,6.0704,4.0784,2.5153
21.19,-0.58,2022,1,1,20.98,14.4892,15.5896,12.1894,15.6454,5.4265,7.5126,6.4465,3.6692,4.3635,7.6103,13.0173,12.4258,12.2647,11.3018,10.9617,10.7048,9.0859,8.1151,7.9528,5.008,3.2209,1.8806,1.3661,0.8386,0.6357,0.5065,0.3401,0.2553,0.1986,0.1319
-28.02,-158.28,2022,1,1,21.02,79.7331,65.2546,65.7485,53.3299,12.8841,0.7894,23.2641,55.5891,36.4186,45.6642,58.0999,49.5708,42.1584,57.757,52.5954,17.5559,13.3477,11.1847,7.7579,4.1694,2.0164,1.5025,1.0485,0.679,0.5299,0.3817,0.2732,0.2004,0.1349,0.0885
-72.81,125.39,2022,1,1,21.03,NAN,NAN,NAN,68.0908,72.0867,51.2302,59.1355,55.7066,43.9968,16.4857,8.2305,4.7595,2.8959,1.586,0.96,0.5927,0.3975,0.2491,0.1485,0.1124,0.0869,0.0769,0.0623,0.0411,0.028,0.0179,0.0144,0.0127,0.0111,0.0092
-89.07,-78.29,2022,1,1,21.07,NAN,NAN,72.1568,75.1712,66.3876,76.7,87.1173,51.4851,48.3667,28.0611,11.8029,4.9297,2.3279,1.0531,0.6203,0.3473,0.2243,0.1368,0.1149,0.0897,0.0783,0.0612,0.0469,0.0388,0.0314,0.024,0.0184,0.016,0.0127,0.0097
50.08,22.36,2022,1,1,21.09,91.3534,40.9182,2.9365,20.9537,55.1738,48.9671,51.1718,47.8351,38.7383,28.6152,33.4074,30.542,31.0338,12.301,5.626,4.1968,3.4614,2.2444,2.0554,1.6337,1.0881,0.9214,0.9047,1.0773,0.932,0.5887,0.3322,0.2244,0.1711,0.1126
-63.22,73.65,2022,1,1,21.12,76.5619,57.3636,26.4472,20.1133,22.7621,15.4825,23.6608,11.9358,1.5951,2.0608,1.6486,0.8469,0.6791,0.7724,0.7108,0.5538,0.5145,0.4443,0.3563,0.266,0.1915,0.1775,0.1689,0.1361,0.1133,0.0795,0.0571,0.046,0.0351,0.0248
59.90,-134.74,2022,1,1,21.14,NAN,80.8959,69.4413,67.783,53.8151,67.4182,38.3352,-1.8429,7.4451,5.9327,2.4355,1.4032,1.123,0.8954,0.8346,0.6606,0.5519,0.4856,0.4469,0.466,0.4416,0.4133,0.3601,0.3282,0.307,0.3464,0.3591,0.3382,0.3038,0.2649
59.42,5.78,2022,1,1,21.15,90.3483,82.6095,59.6724,24.7176,26.6448,35.8265,46.2519,51.538,17.806,7.5224,5.3193,4.0509,3.9479,4.3669,3.8694,2.9614,2.885,3.2644,4.4327,5.9237,6.1907,5.7112,4.4091,2.3383,1.078,0.6437,0.5675,0.5136,0.3603,0.1969
59.51,-29.40,2022,1,1,21.18,81.6754,77.5764,57.4521,60.138,83.7915,86.5911,73.0319,58.5209,51.177,50.1909,47.8193,35.7405,8.5518,6.0238,4.7706,4.5059,3.879,3.5337,3.4249,3.1843,3.314,3.3171,3.5221,3.0314,2.289,1.7325,1.4176,1.2561,1.0175,0.7049
52.68,-171.95,2022,1,1,21.2,49.5672,37.5609,44.3404,49.1669,38.8906,30.9967,25.8312,21.584,18.5867,24.8278,43.3764,53.3488,7.2066,2.0732,1.6818,1.0651,0.8913,0.7867,0.7645,0.6156,0.6194,0.5159,0.3641,0.3021,0.2651,0.2095,0.1845,0.1589,0.1113,0.0772
-61.75,107.74,2022,1,1,21.28,87.0679,64.0859,59.3277,10.4012,17.4146,26.671,56.4588,64.3586,51.3384,56.0814,23.4677,3.9383,2.0747,1.1662,0.6926,0.449,0.3863,0.3212,0.2789,0.252,0.2009,0.1597,0.1381,0.1042,0.0702,0.0473,0.0348,0.0259,0.0206,0.0164
-43.93,15.23,2022,1,1,21.28,67.7012,40.7606,2.4541,18.9551,43.8984,50.5726,52.3201,13.5339,23.0116,52.086,41.3512,16.9253,4.9972,2.3647,1.5345,1.1672,1.001,0.9727,0.8608,0.6917,0.5929,0.5008,0.4181,0.384,0.3011,0.1873,0.1093,0.0895,0.0701,0.0539
80.50,118.66,2022,1,1,21.29,79.2854,61.3121,85.169,43.3931,41.7127,52.2517,35.1963,40.6811,36.342,41.8658,21.7122,10.47,6.8657,6.0906,5.5942,5.2082,5.8596,6.9556,8.2942,7.7831,7.2358,6.5628,6.1069,4.5622,3.765,3.0993,2.4997,1.9724,1.4675,1.0833
-86.13,-113.39,2022,1,1,21.33,NAN,NAN,58.0823,65.8266,32.1481,37.0806,43.6707,50.5533,37.6504,18.6893,8.9794,4.867,2.2225,1.1438,0.6789,0.3968,0.2478,0.1567,0.0897,0.0746,0.0634,0.0523,0.0402,0.0291,0.0252,0.0223,0.0181,0.0148,0.0123,0.0096
22.33,-160.31,2022,1,1,21.34,84.4306,82.3237,81.5343,88.5554,81.7579,75.7004,76.3857,72.9917,71.7931,28.9776,3.8178,1.3282,1.5588,3.0295,5.819,9.4491,15.8815,19.7065,12.3716,8.3757,7.2946,3.8951,1.7257,0.9071,0.5867,0.3807,0.2562,0.1992,0.1648,0.1526
20.08,-171.24,2022,1,1,21.35,77.0274,76.9274,52.096,16.1858,1.3655,8.3216,6.4393,-0.8415,-0.0715,0.3839,1.0481,0.9573,1.6572,2.8743,5.2943,11.7327,20.8358,33.5921,24.1963,13.7557,6.0401,2.1237,1.4481,0.8752,0.5445,0.2983,0.2222,0.1952,0.1805,0.1576
73.52,-159.64,2022,1,1,21.38,88.2627,23.0492,34.1528,44.7303,48.6384,44.8311,76.854,33.8399,18.3184,11.3819,6.7789,3.9531,2.676,1.8206,1.5724,1.3302,1.0905,1.0104,0.8403,0.7648,0.7107,0.5649,0.4428,0.3919,0.3942,0.459,0.4343,0.3812,0.3271,0.2584
20.26,165.62,2022,1,1,21.39,80.7872,79.4589,63.0867,7.9289,3.9184,6.9174,6.9896,5.1138,2.702,0.6154,2.5599,3.0715,6.9894,12.3355,17.4976,19.0566,30.6401,43.6135,31.4532,12.0694,4.5484,1.8235,1.5758,1.1225,0.7451,0.4588,0.2404,0.1414,0.1324,0.1479
-20.26,19.85,2022,1,1,21.39,NAN,33.0199,43.1859,46.8378,55.7285,12.8121,3.3704,6.29,1.247,4.6486,6.9376,7.7836,12.6237,32.5368,24.0432,26.7669,40.8628,35.0178,14.9404,7.4975,3.0015,1.6356,1.1372,0.8724,0.6939,0.4047,0.2596,0.2008,0.1295,0.073
-24.02,-9.87,2022,1,1,21.39,83.5965,61.8107,17.0118,11.8842,6.6319,9.6696,10.017,9.199,17.0333,32.2141,33.1769,23.3025,15.5115,10.7614,10.1187,10.4831,10.6587,11.6984,10.2404,5.9553,4.2363,2.2705,1.4142,1.0116,0.6144,0.3437,0.2252,0.1715,0.1194,0.0833
-72.01,39.46,2022,1,1,21.41,NAN,NAN,62.1308,80.2793,77.1366,73.5697,66.5064,63.5706,56.0645,56.7371,60.884,21.4246,2.3495,1.3773,0.9839,0.8156,0.7092,0.5196,0.3301,0.2455,0.1949,0.1603,0.1284,0.1015,0.0747,0.0612,0.0482,0.0388,0.0302,0.0215
48.08,-165.18,2022,1,1,21.49,41.4059,4.5015,6.0255,3.8051,21.2348,24.036,8.6979,3.406,7.9432,23.1773,49.1113,33.6817,3.1215,1.5597,1.3833,1.167,1.2125,1.1971,1.0875,0.9726,0.7798,0.5434,0.4329,0.3421,0.2906,0.2578,0.2247,0.1981,0.1691,0.1302
-6.69,163.78,2022,1,1,21.51,79.5901,65.3985,72.9909,84.8954,84.0115,80.7654,72.7147,64.227,53.7515,53.6071,59.8651,58.5458,53.2192,50.7879,45.3968,30.2981,27.8188,56.5686,27.2625,7.7292,4.2039,3.0233,2.5394,1.3655,0.7163,0.4336,0.2652,0.1651,0.0968,0.07
37.27,-157.54,2022,1,1,21.52,66.633,33.4383,7.0138,12.7296,7.0092,11.1827,56.5401,68.4614,56.02,48.7786,52.42,100.5279,16.0895,1.9194,1.8178,2.5968,3.7492,4.1956,3.0966,2.3211,1.8363,1.3616,1.0316,0.7152,0.6281,0.5179,0.3463,0.2368,0.1724,0.1387
36.55,167.43,2022,1,1,21.54,71.5658,62.9892,44.6195,45.4029,45.6663,57.6416,33.9568,7.7403,-10.1004,-0.7684,1.8648,1.7619,1.1594,1.2202,1.7387,2.261,2.2023,1.5378,1.4298,1.6166,1.4818,1.2565,0.7966,0.5436,0.4061,0.3633,0.2985,0.2359,0.1656,0.1062
-47.50,0.59,2022,1,1,21.54,97.2103,77.7113,34.6567,10.5502,5.6598,8.1419,18.594,29.7665,10.3394,10.4039,4.2104,2.0646,1.2921,1.0967,1.1106,0.9336,1.0321,0.9003,0.7708,0.7075,0.5908,0.4831,0.366,0.301,0.2361,0.1668,0.1145,0.0833,0.062,0.0471
-43.00,-13.10,2022,1,1,21.55,80.9207,71.4363,58.8053,23.7028,15.0302,38.3745,35.0481,33.596,54.4888,60.7145,25.8873,3.0825,1.2446,1.1587,2.0643,2.8066,3.4397,3.2074,2.4933,1.6806,1.2518,0.8792,0.6926,0.5136,0.3972,0.2782,0.1719,0.1064,0.0674,0.0472
-22.50,-161.80,2022,1,1,21.56,77.2231,63.641,57.1334,65.2777,48.4067,14.1547,2.7299,17.5699,20.8637,20.3907,17.6443,27.2648,37.8288,39.0599,55.7392,38.9244,22.8355,14.7664,9.6893,5.3423,3.3173,1.8719,1.3189,0.7738,0.5521,0.3681,0.2417,0.178,0.118,0.0723
15.94,-154.94,2022,1,1,21.57,81.5237,76.7086,59.9404,31.7564,19.4445,1.7744,34.7415,31.5497,12.0605,5.5325,6.3643,5.2179,4.4575,6.0038,8.2223,14.22,23.1991,16.1568,13.423,9.8108,3.3783,1.5691,1.4033,1.1155,0.7282,0.4054,0.2557,0.1933,0.1498,0.1075
-26.60,24.35,2022,1,1,21.59,NAN,19.3863,26.1545,18.7115,10.4804,19.1543,10.1543,14.0734,13.2946,13.5577,12.5694,9.0315,7.2707,9.4285,13.2306,19.472,15.4812,18.7695,10.977,5.1504,2.3142,1.2923,0.8876,0.8017,0.6607,0.4373,0.2601,0.1996,0.1441,0.0895
-31.99,151.22,2022,1,1,21.65,68.7807,60.8254,44.2821,48.9031,29.3991,25.5819,16.8088,1.1932,-0.5272,0.8223,0.9278,0.3779,0.7332,2.0479,5.9686,11.0138,14.0263,16.6153,12.9315,4.7585,3.1587,1.929,1.5322,1.1514,0.7147,0.4468,0.3121,0.2158,0.1294,0.0754
30.18,-18.56,2022,1,1,21.65,22.4925,17.1802,13.7539,18.9395,16.1032,15.3409,22.8212,22.3921,22.8666,31.3342,33.4506,37.3508,53.8664,42.9475,15.6195,8.9493,7.5398,5.9926,3.3937,2.7478,1.7799,1.1271,0.9362,0.929,0.867,0.5674,0.3447,0.2191,0.1427,0.1007
-44.81,160.56,2022,1,1,21.67,70.1929,10.4849,10.0404,14.3176,17.541,29.3924,36.6732,48.4015,48.2459,40.7788,17.6967,6.8206,2.5768,1.4314,2.2978,3.1144,3.7727,4.9746,3.2036,1.6969,1.3669,0.9728,0.7327,0.5525,0.3785,0.247,0.1685,0.1317,0.1037,0.0779
-6.84,-23.21,2022,1,1,21.7,76.6283,61.4295,40.3557,31.7234,18.9605,3.5359,11.6822,10.8993,14.7092,31.1664,17.9686,17.9213,18.5823,25.5377,22.5995,17.518,18.8596,21.4672,20.076,11.3491,5.8414,3.3788,2.5731,1.8233,1.3112,0.6184,0.2393,0.1298,0.0759,0.0447
-8.97,12.58,2022,1,1,21.7,76.0155,59.6368,58.9905,69.1887,67.7777,77.8526,48.9522,35.6193,23.5564,41.9495,40.1821,43.8616,46.0514,41.051,36.3979,51.3768,35.4078,33.3349,48.8728,6.7775,3.7501,2.4117,1.3918,1.0605,0.6961,0.4631,0.3305,0.1766,0.1147,0.0863
-9.52,-174.84,2022,1,1,21.76,71.4623,39.5965,57.9658,61.4967,62.2561,82.6614,77.0456,60.1735,62.4749,57.6861,56.4573,54.408,51.7015,52.4909,42.9809,42.8402,52.0176,47.975,17.9453,9.4161,5.1716,3.6209,2.1054,0.8543,0.6376,0.4767,0.2586,0.1535,0.1031,0.0696
-73.45,159.44,2022,1,1,21.8,NAN,NAN,61.1861,39.6174,6.6884,16.1388,26.4195,44.9373,35.4704,16.4691,6.6854,3.362,2.5997,1.7791,1.0076,0.5039,0.3284,0.2105,0.1389,0.0966,0.0834,0.0661,0.0552,0.0368,0.0259,0.0208,0.0175,0.0149,0.0121,0.0102
-71.12,-145.01,2022,1,1,21.81,77.0998,52.9551,38.8382,20.0906,12.7174,12.8608,28.925,40.1407,42.7852,37.8503,14.7967,4.916,2.0212,1.053,0.6699,0.4131,0.2534,0.1659,0.1111,0.0853,0.0703,0.0534,0.0404,0.0358,0.0391,0.034,0.0283,0.0247,0.0192,0.0139
23.21,9.66,2022,1,1,21.84,44.1802,27.2208,3.3334,5.2118,3.4001,5.2436,5.5732,5.0506,6.1371,10.0858,6.9044,9.7527,10.04,8.3042,7.2561,9.5545,8.7352,10.7815,9.274,5.9681,3.0768,1.621,1.0883,0.8952,0.6054,0.4247,0.3155,0.2522,0.2058,0.157
-26.29,157.66,2022,1,1,21.85,77.348,78.2512,75.9373,65.0892,60.6836,55.4516,47.0921,46.014,32.8893,33.3109,23.4723,8.8867,5.262,5.69,11.0265,19.0188,23.641,27.7988,16.1482,9.571,5.216,2.8161,1.3063,0.8916,0.6764,0.5053,0.3098,0.1937,0.1185,0.0788
22.01,-0.13,2022,1,1,21.86,14.2293,15.1136,8.2088,14.4578,17.7855,6.5261,6.132,3.6017,4.9667,8.6913,10.9747,15.5278,13.8231,11.8455,10.1198,10.0101,8.497,7.4718,7.1319,4.0461,3.7969,2.0118,1.345,0.802,0.596,0.5635,0.3725,0.2208,0.1672,0.1278
-65.43,70.24,2022,1,1,21.91,70.2233,53.5148,48.1242,23.2711,26.1617,18.646,16.486,18.2441,7.1682,3.2123,1.9063,0.9429,0.6254,0.6105,0.5579,0.5529,0.4811,0.3766,0.3289,0.2486,0.2009,0.1587,0.1529,0.1231,0.0941,0.0705,0.0515,0.0402,0.0312,0.024
65.44,-86.27,2022,1,1,21.91,72.6475,82.9278,80.7773,59.3949,52.9602,50.6442,40.1499,42.5687,60.7693,26.6075,9.0178,5.7205,5.9783,5.7679,5.7415,5.7118,6.5928,7.7206,10.3184,12.6518,14.6772,17.3722,18.513,19.4706,17.2985,13.2089,10.63,9.1965,7.6558,6.1002
35.45,-40.63,2022,1,1,21.92,66.6995,55.6321,42.4865,30.843,41.155,47.1236,58.0839,64.014,68.9845,45.2589,37.8157,29.1412,9.5748,3.7023,2.1949,2.6799,2.8652,2.7123,2.4155,1.7502,1.3499,1.6577,1.0175,0.5444,0.2214,0.0898,0.0804,0.0904,0.0891,0.0987
-46.62,159.77,2022,1,1,21.95,85.6729,44.0495,21.9113,31.2252,20.148,14.3694,16.3031,20.5118,35.5779,40.5692,17.5475,10.8679,3.2221,1.4611,2.1936,3.1029,2.7778,2.9198,2.4854,1.5446,1.1076,0.8039,0.5549,0.4073,0.3256,0.2472,0.1737,0.1158,0.0816,0.0607
42.25,-18.34,2022,1,1,21.97,71.367,62.4119,70.2626,18.8281,2.6913,28.3441,38.7617,37.9417,34.0587,32.4373,41.689,27.0136,10.9914,4.2676,3.6578,2.9686,2.6941,2.6975,2.2505,1.6735,1.622,1.8139,1.3747,0.8393,0.7542,0.4945,0.2231,0.1249,0.0814,0.0527
-59.63,25.84,2022,1,1,22.0,79.7788,61.2953,25.7523,34.4958,39.6532,50.1508,56.6888,49.7157,42.3413,29.7097,6.9249,1.2848,0.8505,0.5993,0.683,0.757,0.672,0.5447,0.4592,0.4104,0.3519,0.2767,0.2303,0.1893,0.1333,0.1018,0.0733,0.0513,0.0381,0.0279
-69.09,-164.68,2022,1,1,22.03,84.1887,86.6363,71.3637,46.0719,28.4109,34.4111,57.5117,46.8295,35.8945,25.0436,8.5834,2.6567,1.292,0.9211,0.5961,0.4696,0.3882,0.2891,0.199,0.1581,0.1343,0.1016,0.0641,0.0517,0.0474,0.0414,0.0302,0.0232,0.0193,0.0169
65.26,162.56,2022,1,1,22.03,74.424,80.0828,75.8211,66.9507,62.7647,59.4149,55.3867,61.2695,55.6461,50.6585,44.1152,11.9905,2.8412,1.8725,1.5544,1.0436,0.6983,0.4791,0.4289,0.4358,0.3938,0.4416,0.3241,0.2214,0.1868,0.172,0.1579,0.1429,0.123,0.103
-44.53,33.13,2022,1,1,22.05,74.1727,65.0492,85.7833,78.1937,81.5902,70.1892,66.6275,51.5142,53.7494,49.7171,9.0503,2.3442,1.1852,1.1736,1.0917,1.0872,1.4265,1.458,1.2084,0.9384,0.712,0.5697,0.5458,0.4082,0.246,0.1545,0.1207,0.1036,0.083,0.0571
61.73,-83.74,2022,1,1,22.12,65.2766,73.8967,64.3538,61.7684,100.3663,132.0119,62.3317,-1.0218,-1.9405,7.0044,5.9095,4.9806,4.2376,4.4445,4.5442,4.4202,4.992,6.2453,8.3767,9.9519,11.9446,14.0905,15.6239,16.6902,22.1838,23.0311,10.1266,2.6959,1.6588,2.4826
-35.90,0.59,2022,1,1,22.12,67.7019,25.4996,20.1497,17.086,7.8399,32.1359,67.0575,65.097,59.1314,55.3729,23.9844,8.284,3.7075,1.7832,1.9767,3.4158,3.4702,4.5472,3.9133,2.6947,1.7282,1.3614,0.9426,0.6146,0.3474,0.2313,0.18,0.1358,0.1004,0.0804
49.09,152.20,2022,1,1,22.13,70.6613,63.3936,53.2573,62.8844,52.7169,86.1402,38.4881,12.4361,45.1012,1.3184,1.7793,0.8236,0.6559,0.5838,0.5301,0.4221,0.3508,0.2855,0.3049,0.3495,0.4041,0.338,0.2054,0.2178,0.2239,0.1894,0.1439,0.1169,0.0716,0.048
-69.74,61.13,2022,1,1,22.17,NAN,NAN,45.8333,15.0597,9.3758,7.4841,9.0975,21.7853,21.1694,23.7986,30.8233,6.6577,1.5606,1.243,0.9165,0.6595,0.5344,0.4128,0.3182,0.2482,0.2146,0.1687,0.1239,0.0966,0.074,0.0606,0.0477,0.0385,0.0297,0.0228
87.67,8.64,2022,1,1,22.17,73.9222,64.0703,48.8111,37.496,38.5307,31.4808,30.343,33.5643,42.5157,49.6956,40.8839,25.8112,18.0626,13.2888,11.1212,11.1891,12.3985,13.7322,14.5895,15.6806,17.0621,17.9171,18.0652,19.5613,17.1534,15.0897,12.2263,9.6167,7.3496,5.617
32.43,-177.22,2022,1,1,22.17,81.5525,59.5309,25.2417,14.7143,11.9825,12.9942,11.586,3.8689,-0.0801,0.695,0.6098,0.8036,0.9959,1.4107,2.4043,4.315,5.8084,10.8094,8.0532,4.5434,3.2346,2.0652,1.5122,1.0614,0.7837,0.5503,0.3585,0.2652,0.2009,0.1391
-24.96,-23.51,2022,1,1,22.2,71.1454,17.6926,1.8345,3.1137,4.1277,6.3522,52.4376,62.7033,30.7377,35.3819,40.8398,50.0406,53.9269,27.1995,10.8814,10.208,10.3276,11.9581,12.6677,7.8545,4.0128,2.2579,1.2278,0.8099,0.5677,0.3781,0.2446,0.1771,0.1251,0.0827
-19.81,-10.27,2022,1,1,22.2,75.1323,27.512,12.8599,11.0834,4.6787,3.0097,4.38,7.702,12.7386,15.0348,20.9927,19.5,19.8942,19.0205,16.4184,17.6032,26.5302,22.5512,13.8327,8.7797,4.5735,2.3069,1.3658,0.8656,0.5508,0.3778,0.2679,0.2013,0.1373,0.0906
23.48,-170.40,2022,1,1,22.22,72.4597,73.1314,69.9493,25.8534,-0.3631,8.2595,8.2846,2.1513,-0.2508,0.2736,0.7142,0.3869,0.9625,2.0957,4.5723,7.3667,12.5262,21.1821,17.6331,12.3381,6.7756,2.8846,1.7437,1.0698,0.57,0.3124,0.2624,0.2633,0.2231,0.1523
-49.29,30.12,2022,1,1,22.26,67.3469,32.0258,30.1391,66.0988,53.9572,50.3742,57.3053,46.054,33.2975,7.3533,3.843,1.5934,0.9582,0.855,0.7755,0.7907,0.9183,0.9066,0.7282,0.6537,0.5771,0.4796,0.3642,0.3008,0.2377,0.158,0.0961,0.0708,0.056,0.0421
67.30,177.90,2022,1,1,22.29,31.4805,75.4288,28.521,19.5714,19.0838,42.975,60.3183,49.5733,39.7633,46.3291,36.1151,13.3036,4.2804,2.4189,1.5814,0.8481,0.7332,0.647,0.4619,0.4664,0.4338,0.4334,0.3524,0.3425,0.314,0.2309,0.188,0.1631,0.1442,0.1245
-57.70,-11.90,2022,1,1,22.3,85.1616,78.6587,70.0957,68.0027,39.7112,46.8778,56.1964,28.5074,9.7717,2.453,1.0233,0.7837,0.5509,0.536,0.4326,0.3723,0.3158,0.3035,0.3021,0.291,0.2578,0.2116,0.1685,0.1485,0.1271,0.0986,0.0732,0.0562,0.043,0.0316
0.04,7.87,2022,1,1,22.3,81.8822,78.0137,63.6812,54.9753,64.9877,75.9626,50.6663,14.3295,6.0813,5.4907,9.4251,25.5549,34.1486,42.5378,52.1819,44.0251,32.8815,46.0084,29.6218,8.0482,5.692,3.5681,2.1097,1.6145,1.179,0.5622,0.1967,0.126,0.1003,0.0701
9.75,160.12,2022,1,1,22.3,70.0484,47.8876,8.69,5.3356,4.0687,3.0319,4.8873,4.21,5.3655,6.394,13.1255,13.8964,25.0657,34.3402,42.1617,51.3372,40.9504,48.6014,22.9706,6.7701,6.2279,3.685,1.7299,1.0098,0.617,0.3412,0.2372,0.2209,0.1851,0.1248
-40.09,-27.13,2022,1,1,22.36,70.7239,53.8511,65.9601,87.0407,86.3312,83.3001,74.2436,68.3835,65.2646,60.9671,54.6043,18.5861,1.2498,1.9466,3.0536,3.6021,4.7146,4.8458,5.3662,3.4965,1.8728,1.2233,0.9189,0.5978,0.4116,0.3125,0.2242,0.1356,0.0816,0.0553
47.11,176.50,2022,1,1,22.39,74.6349,49.6682,57.3061,72.1115,79.2227,71.7871,62.3756,63.0531,63.8157,49.1983,22.6263,5.2157,1.8229,1.165,1.3192,1.1894,1.1377,1.1537,0.8549,0.7443,0.58,0.47,0.4332,0.3529,0.2648,0.1707,0.114,0.102,0.0959,0.0816
33.83,146.27,2022,1,1,22.4,58.0638,53.2802,20.9829,-9.3537,-0.4165,26.3374,12.2769,-4.7013,-1.427,2.6831,2.0664,1.5846,1.4423,1.7208,3.0925,4.3296,4.9476,4.6627,2.7081,2.9282,2.3125,1.3245,0.7955,0.6087,0.3667,0.3016,0.2854,0.2373,0.1735,0.1159
-31.85,2.03,2022,1,1,22.41,53.9115,12.4016,6.1414,9.3513,-0.2534,22.3415,61.6763,70.3264,66.6611,58.7201,55.1041,48.5383,13.3423,6.2503,4.7675,5.2927,5.2235,4.763,4.3974,4.0721,2.7697,1.441,0.8217,0.5375,0.3913,0.3219,0.2493,0.1916,0.1275,0.0843
-10.37,149.35,2022,1,1,22.41,74.7708,62.206,64.7278,64.1882,49.8068,63.3954,61.311,61.3143,56.6391,53.7986,57.1895,50.1026,44.9283,36.5427,35.4183,42.2301,41.5364,67.1522,40.6222,8.082,3.8889,2.3416,1.8349,0.826,0.7232,0.5739,0.2767,0.1536,0.0996,0.0789
-27.65,179.58,2022,1,1,22.47,74.3946,25.446,11.413,20.0957,2.6944,-0.906,3.6678,5.8609,9.5488,5.8079,7.9113,8.0443,6.8146,5.0367,5.4449,6.2592,9.9195,13.7456,8.1895,3.4247,3.1183,2.1541,1.6748,1.0411,0.6395,0.4601,0.3092,0.1864,0.1103,0.0733
39.08,2.40,2022,1,1,22.49,36.0193,7.024,4.9476,3.3351,5.3044,6.1748,9.7233,13.3278,29.9953,40.1163,44.1419,36.1004,29.6123,19.7588,7.7116,5.0354,5.8709,5.1523,3.1429,3.2418,2.274,1.4981,1.2548,1.0858,0.7398,0.4632,0.3503,0.2371,0.1381,0.0899
-31.04,138.95,2022,1,1,22.52,32.5522,34.0328,48.2489,49.4148,28.6811,9.2723,19.7997,41.7001,3.7198,1.389,1.5897,2.0606,2.2129,2.8141,4.774,9.4561,15.3376,13.9529,6.5621,6.0854,4.3431,2.248,1.4933,1.0145,0.5029,0.3344,0.2511,0.1616,0.1381,0.1269
49.84,-13.39,2022,1,1,22.53,70.591,58.4946,52.7614,55.0055,49.7955,48.3758,44.8507,41.2061,4.3277,7.0785,6.3404,2.6567,2.1325,1.759,2.07,1.819,1.7591,2.3678,1.7591,1.5529,1.6062,1.9316,1.8644,1.2728,0.8542,0.6448,0.3896,0.2525,0.1638,0.0785
-2.35,-0.45,2022,1,1,22.53,82.9232,75.4082,57.688,51.6238,46.2767,35.8683,7.63,4.4306,6.0476,7.8304,15.6216,21.2688,38.187,56.7334,41.5152,44.572,60.417,42.3423,16.5224,14.4145,4.784,2.7313,1.9965,1.642,1.0909,0.5463,0.2376,0.1381,0.0944,0.0652
8.51,-178.98,2022,1,1,22.54,66.3946,36.8979,12.5597,9.9743,0.6256,2.0094,2.9463,4.2242,2.8251,3.2075,3.4837,5.1591,9.9649,17.0129,25.9324,31.5316,54.5406,63.3054,24.2316,12.0744,4.9403,2.533,1.5265,0.9268,0.6568,0.4419,0.2795,0.1911,0.1307,0.0883
49.00,-56.55,2022,1,1,22.59,85.1889,63.0561,58.2083,52.7837,32.657,62.8464,52.523,73.1044,23.7115,29.0076,11.8809,5.5431,4.2607,3.0287,2.3022,1.7982,1.7569,1.9318,2.1882,2.0561,2.5941,2.4609,2.2665,2.1087,1.395,0.965,0.8161,0.6629,0.456,0.2735
-53.66,146.56,2022,1,1,22.6,76.2562,59.8797,42.4178,22.1073,-1.5604,11.0304,15.6598,22.409,6.3765,3.002,2.259,1.554,1.2221,1.1875,1.06,0.9808,0.7717,0.4839,0.3053,0.2058,0.1985,0.1821,0.147,0.1201,0.103,0.0876,0.0742,0.0544,0.0409,0.0299
-8.09,140.36,2022,1,1,22.61,84.2996,84.7414,71.7369,68.0561,70.3815,66.7056,60.0073,54.2457,59.0152,44.3559,41.8003,46.0819,52.3682,49.9171,46.5234,44.078,52.8251,39.5811,15.6745,7.6044,4.4186,2.9423,2.3988,1.4914,0.7998,0.4271,0.2373,0.1549,0.1034,0.0711
15.66,-35.99,2022,1,1,22.64,53.4498,20.1306,3.152,6.0419,5.5908,4.7643,-0.2546,5.0233,7.4474,21.8334,42.8871,55.7318,49.8398,26.2607,18.4183,10.5791,11.14,15.5545,13.1486,8.8028,5.4359,2.7805,1.6373,1.0873,0.6241,0.3958,0.2498,0.1773,0.128,0.0931
-9.05,172.83,2022,1,1,22.64,81.44,82.0811,74.8181,76.4528,80.0071,77.8095,73.7389,63.5177,56.3898,64.0849,65.1799,59.6032,53.9645,50.5599,45.0776,45.482,47.2004,49.3225,22.4266,8.5877,7.035,3.9177,2.3029,1.0654,0.5943,0.3625,0.2263,0.1559,0.1105,0.0786
29.17,-1.27,2022,1,1,22.67,45.3939,14.173,15.854,12.2995,14.7125,10.5323,17.6337,34.2444,37.4768,11.4825,23.3296,24.3747,15.5331,8.7592,5.7121,4.8566,5.5613,5.2619,4.7017,3.9603,2.7109,1.9084,1.4478,0.9137,0.6769,0.5197,0.391,0.2979,0.2056,0.1311
26.66,-18.09,2022,1,1,22.69,21.2971,17.9141,7.5673,4.2513,13.4622,14.9118,8.1927,13.7301,14.416,9.0254,18.0431,31.0571,47.1337,32.0227,12.7279,9.6726,10.1621,8.3513,4.555,2.5611,1.8313,1.5921,1.1446,0.956,0.8067,0.5548,0.3289,0.2452,0.1893,0.1338
-72.25,-161.46,2022,1,1,22.7,67.3466,53.522,35.8463,35.1044,43.5384,64.5327,62.2723,57.197,53.5338,57.0743,17.2843,5.0911,2.1191,1.1445,0.6776,0.4013,0.2931,0.2073,0.1352,0.1089,0.0895,0.0663,0.0495,0.0372,0.0319,0.0295,0.0237,0.0198,0.0169,0.0136
-21.70,152.12,2022,1,1,22.72,76.8358,49.2767,16.4957,2.6504,17.9807,12.2615,1.4839,-2.0255,2.4062,2.3068,2.0249,3.1636,4.9796,6.8529,9.6699,24.7918,53.152,53.9027,27.4241,7.3841,4.1486,2.8886,1.8323,1.2638,0.693,0.358,0.195,0.1301,0.1063,0.0873
75.59,-111.10,2022,1,1,22.72,61.8789,44.0024,58.7952,59.958,52.3459,51.7819,54.3618,59.9124,47.9861,55.2087,32.5834,12.8327,8.41,6.9858,6.0938,5.501,5.3583,6.0744,6.6233,7.5137,8.2076,8.1304,7.9806,7.3349,6.7608,5.9036,4.0656,3.2663,2.7288,2.381
-27.17,137.53,2022,1,1,22.73,21.9391,30.12,49.0389,66.831,40.9062,22.8199,11.2056,9.9992,3.8033,2.6989,2.1925,2.9968,3.5716,5.8366,8.7645,16.8687,25.6881,22.4898,11.7344,8.6765,5.1494,2.3969,1.3135,0.8898,0.5757,0.4096,0.2829,0.204,0.1434,0.0982
-44.74,177.67,2022,1,1,22.79,52.5778,24.015,22.4702,10.4377,5.4472,7.6535,30.6131,39.9662,61.2667,56.6528,54.5877,27.2956,3.4415,2.8356,4.0613,4.57,3.841,2.5151,1.8089,1.9762,1.7305,1.5067,1.1077,0.74,0.5,0.3314,0.2036,0.1457,0.1084,0.0767
-44.57,150.63,2022,1,1,22.82,74.0859,60.5512,68.2421,68.35,76.1798,63.9468,64.2245,47.5387,24.4197,19.9959,18.2833,10.8535,5.4393,2.4269,1.7707,2.5846,2.9181,2.6736,2.0141,1.3055,1.0224,0.725,0.5368,0.3929,0.3123,0.2591,0.207,0.149,0.1065,0.074
-64.61,-29.76,2022,1,1,22.88,72.6152,45.8178,36.7712,23.3985,15.141,23.7194,24.3955,25.3649,29.3069,33.2831,6.5961,2.2652,0.9001,0.5659,0.5035,0.3344,0.2618,0.2187,0.2231,0.1897,0.1419,0.1303,0.1114,0.0878,0.0726,0.0631,0.0503,0.0386,0.0293,0.0224
-53.54,8.90,2022,1,1,22.91,79.1333,56.5033,64.2292,42.011,24.3178,17.7726,17.5596,19.943,16.0426,2.8997,1.3758,0.9828,0.7367,0.6173,0.4879,0.4646,0.447,0.3846,0.3505,0.3293,0.3206,0.2906,0.2595,0.2171,0.1768,0.1259,0.0897,0.0696,0.0475,0.0311
-47.71,24.10,2022,1,1,22.92,85.6802,90.3666,87.3425,70.4875,19.8492,12.6036,4.6405,14.8563,18.0774,4.098,2.5448,1.6158,0.9141,0.7571,0.6648,0.6132,0.6216,0.6441,0.6618,0.6048,0.5047,0.4504,0.3679,0.3022,0.2586,0.1621,0.0994,0.0759,0.0597,0.044
43.51,164.31,2022,1,1,22.93,72.995,73.9528,51.6115,67.9171,59.8268,54.926,84.0502,51.9936,5.7618,2.9079,1.12,0.6607,0.6845,0.7526,0.5792,0.4277,0.5475,0.6601,0.7627,0.5837,0.4904,0.4443,0.4062,0.3664,0.2804,0.2063,0.1758,0.1357,0.086,0.0646
-69.67,157.85,2022,1,1,22.93,NAN,39.8595,36.7169,36.5879,33.1434,43.737,53.3126,56.8551,52.5264,43.7088,15.0191,4.664,2.3571,1.462,0.9205,0.5209,0.3005,0.2118,0.1251,0.0928,0.0852,0.0729,0.0557,0.0403,0.0341,0.0278,0.0233,0.0194,0.0155,0.0115
-65.65,67.76,2022,1,1,23.01,59.1665,51.7059,24.7224,18.5073,17.5586,16.1407,12.0262,8.8624,5.6768,3.8213,2.2206,1.1068,0.9168,0.9012,0.8912,0.6181,0.521,0.4555,0.3039,0.2628,0.2276,0.1674,0.145,0.1224,0.0933,0.0696,0.0523,0.0421,0.0326,0.0251
69.97,-132.42,2022,1,1,23.02,81.24,85.587,74.5523,51.2273,30.2096,42.3629,36.2253,24.9812,12.8988,8.1624,4.1265,2.7801,2.3031,2.2291,1.8665,1.5206,1.3389,1.2122,1.0999,1.0808,0.9162,0.7983,0.7276,0.7114,0.7355,0.6751,0.5938,0.5566,0.4715,0.3741
82.41,141.41,2022,1,1,23.02,74.5451,53.8929,53.2663,46.1812,36.2828,37.6583,28.5173,26.3251,27.4872,23.9546,28.3917,18.0419,8.7979,6.5942,5.4472,4.6793,4.6154,5.2458,5.4654,6.1113,5.4705,4.3108,3.6101,3.274,2.9431,2.441,1.8892,1.4078,1.0378,0.8182
23.96,157.65,2022,1,1,23.03,63.8748,75.1236,38.3951,4.1195,3.3647,7.1056,8.0425,7.5282,1.6625,3.5193,4.323,5.3948,7.5093,8.0436,9.6094,12.4201,15.0947,22.3298,21.3331,10.4591,4.499,1.8912,1.2613,1.1567,0.7006,0.3957,0.2279,0.1428,0.1108,0.1114
16.23,174.55,2022,1,1,23.06,63.5187,14.7587,2.2926,5.0433,11.2262,9.2241,3.4782,1.0689,1.394,1.682,2.335,2.9624,4.4695,10.359,18.611,25.7518,31.1649,47.5279,33.8492,12.8823,6.8368,2.2174,1.1829,0.7974,0.5358,0.3374,0.2184,0.1889,0.1849,0.1567
-22.23,-9.02,2022,1,1,23.07,70.5988,18.8393,16.3424,8.4476,6.6441,8.3952,5.1265,3.812,9.1262,13.0728,14.63,14.5768,14.0778,11.9965,13.6526,17.1541,17.3338,14.5833,11.434,7.3919,4.1359,2.4236,1.4243,0.8697,0.5972,0.4174,0.2795,0.1879,0.1257,0.0822
6.29,145.40,2022,1,1,23.13,82.3321,64.8058,19.8655,18.5004,10.1252,2.8054,4.1515,3.5776,34.394,44.8815,39.01,44.5666,53.7726,50.6674,58.5543,51.711,57.9168,41.5174,11.8781,10.8664,7.6952,4.2057,1.9482,0.9204,0.6131,0.3698,0.2201,0.1631,0.1214,0.0743
-67.02,-4.78,2022,1,1,23.14,70.6407,55.4916,65.1424,78.6883,73.2578,66.7807,60.4125,60.8299,23.1995,2.6065,1.0299,0.5362,0.421,0.3893,0.3063,0.2398,0.2341,0.1929,0.1747,0.1661,0.1492,0.1305,0.1137,0.1016,0.0815,0.0645,0.0502,0.0395,0.0296,0.0215
42.31,133.55,2022,1,1,23.16,74.495,78.6969,60.7576,45.4888,32.5797,10.9207,24.7036,47.4842,43.4254,8.4602,2.3264,1.0911,1.073,0.8969,0.9142,1.1277,1.5559,1.2114,0.6607,0.606,0.684,0.6761,0.6201,0.498,0.3321,0.2339,0.1994,0.1834,0.1426,0.1001
47.00,147.54,2022,1,1,23.19,67.0072,64.0673,20.2413,18.9988,7.3649,-18.8484,20.3551,46.4743,7.3864,14.2748,3.0834,0.9869,0.6888,0.5963,0.5584,0.5425,0.475,0.5024,0.4555,0.3719,0.384,0.3855,0.333,0.2338,0.2052,0.1845,0.1434,0.1279,0.1165,0.088
1.56,-5.23,2022,1,1,23.19,83.3675,79.0486,73.6688,48.6617,25.9432,11.4378,7.5271,8.1062,26.3477,34.274,47.9814,52.93,43.3192,29.4511,50.9115,44.8985,29.9511,38.4261,19.3403,4.8621,4.4526,4.3652,2.7913,1.8216,1.1089,0.5694,0.267,0.1522,0.0931,0.0587
-53.36,-11.00,2022,1,1,23.2,82.9459,79.2701,64.6963,36.1458,31.062,35.3933,43.4686,8.2947,35.4695,12.3927,2.6142,1.245,0.8382,0.8089,0.7332,0.5695,0.5546,0.5795,0.4268,0.3961,0.3308,0.2739,0.2375,0.2098,0.1808,0.1458,0.1101,0.0794,0.0529,0.0336
28.51,178.59,2022,1,1,23.23,62.3542,22.3387,2.9907,10.0039,8.9801,14.4439,6.1788,2.3296,1.2533,1.2996,0.6269,0.5092,1.1024,2.3698,4.1594,6.3472,9.3535,15.2575,13.9189,9.3416,4.742,2.7044,1.6776,1.094,0.7488,0.4745,0.3293,0.2637,0.1789,0.1158
-22.90,1.30,2022,1,1,23.27,83.8749,30.0918,3.9486,9.0413,11.8565,5.1036,11.2015,10.5558,6.9051,7.7881,12.8392,16.5287,19.9012,15.698,17.5118,21.9743,22.8264,15.8486,9.1062,7.956,3.508,1.8358,1.2366,0.8716,0.6717,0.4303,0.29,0.2007,0.1154,0.0766
-26.97,-41.19,2022,1,1,23.31,70.0662,77.9234,84.0744,61.7515,63.4102,65.6409,71.3132,76.6058,72.6405,64.6372,63.8287,17.9098,4.8854,4.6817,9.6633,10.9995,16.2021,14.2402,13.9574,6.543,3.2066,1.7855,1.1903,0.8452,0.4884,0.2956,0.2323,0.1971,0.1467,0.0973
-33.25,136.29,2022,1,1,23.31,42.5812,34.3361,32.1737,57.0025,51.1616,27.5596,25.1589,15.0133,8.9859,3.6897,1.2463,1.8306,3.2507,4.1886,3.1145,6.5409,10.4241,8.2482,5.8763,5.2131,3.313,1.7257,0.9507,0.8242,0.6324,0.3585,0.2451,0.193,0.1381,0.0887
7.96,168.84,2022,1,1,23.34,72.3365,47.7618,8.7402,0.921,2.7647,3.4598,2.2834,2.6379,3.613,5.3045,11.3762,16.8611,15.3412,16.2947,32.086,58.7054,41.0856,38.5763,24.2095,9.6068,5.355,3.7896,2.174,0.9266,0.5909,0.4225,0.2967,0.1986,0.1349,0.0871
-43.60,168.67,2022,1,1,23.36,60.3637,29.2286,17.9607,3.805,15.037,23.3948,30.3513,68.6093,69.9612,61.1529,54.5469,39.4728,5.6008,3.5635,4.4063,4.408,3.7384,3.7555,3.2951,2.9905,2.1472,1.2314,0.9931,0.7129,0.5012,0.3228,0.2068,0.1478,0.1067,0.0728
43.82,-42.58,2022,1,1,23.39,65.6015,63.5694,38.6171,1.6625,3.3573,2.8461,-6.1998,6.3821,19.5328,5.0505,6.2798,3.1407,1.6507,1.3853,1.2782,1.2182,1.3375,1.5078,1.7487,1.6093,1.6038,1.4353,1.1819,0.8162,0.5616,0.3741,0.215,0.1196,0.0802,0.0642
-55.94,153.22,2022,1,1,23.4,80.7243,72.3121,62.8447,55.0582,48.5215,25.3791,1.4978,11.2236,19.3752,6.4994,2.2935,1.7053,1.2188,1.0561,1.1251,0.8883,0.5295,0.3202,0.2728,0.1667,0.2161,0.1687,0.142,0.1148,0.0942,0.0804,0.0625,0.0485,0.0377,0.0299
44.12,-7.55,2022,1,1,23.4,74.6874,64.984,62.6375,52.7168,42.0866,46.7251,55.29,59.0827,61.3865,50.0966,41.8328,59.6626,34.2434,9.2539,5.6525,4.4146,3.2214,3.7965,2.9473,2.1766,1.639,1.1051,1.2878,1.1136,0.7026,0.5473,0.4174,0.2613,0.1293,0.0596
-3.13,131.03,2022,1,1,23.4,81.3268,72.0374,76.5194,81.6054,79.8077,76.0555,60.3411,55.6747,56.385,65.6272,61.1519,56.7641,52.5822,51.7442,50.3235,45.2683,36.6017,19.0003,13.433,11.9092,5.1733,2.828,1.954,1.1556,0.659,0.4389,0.2822,0.1936,0.1177,0.0714
-54.39,106.45,2022,1,1,23.46,75.0992,70.6964,20.769,29.5841,18.5538,34.9958,39.1121,37.2685,41.7538,21.8014,6.6381,3.1918,1.6598,1.2786,1.4261,1.294,0.9941,0.8492,0.5976,0.4341,0.3836,0.3195,0.2663,0.1987,0.1465,0.1049,0.0719,0.0506,0.0369,0.0281
-18.66,165.81,2022,1,1,23.47,87.0338,80.9443,73.1163,73.8361,76.2118,78.8428,73.9915,72.0839,68.1852,62.9304,61.2905,58.6289,53.0732,47.627,46.9696,46.4531,46.0157,45.9704,25.2744,11.9799,6.9422,3.6393,1.6804,0.808,0.4604,0.3026,0.2264,0.1783,0.1314,0.0901
-18.74,152.85,2022,1,1,23.5,75.6738,52.8811,6.9756,9.0697,19.6109,8.4951,5.1296,0.1212,1.1191,1.7831,2.6067,4.0994,6.4686,7.8306,14.7824,36.1357,61.7603,53.1591,36.2415,10.578,3.7398,2.2175,1.6938,1.1072,0.6342,0.3271,0.1951,0.1404,0.1109,0.0846
-22.70,139.34,2022,1,1,23.53,30.9411,37.2625,55.935,65.3009,41.3855,21.2117,9.2899,12.5222,7.3604,4.0672,6.4448,9.5782,14.3678,18.832,23.0977,31.0885,39.0623,28.0305,16.9731,11.19,7.6096,2.7415,1.279,0.8303,0.5961,0.406,0.2621,0.1927,0.1449,0.1079
73.18,-109.78,2022,1,1,23.59,53.3032,49.5892,82.6051,69.6249,54.4196,55.7101,54.0207,53.8526,42.5929,36.2624,34.8434,17.0679,8.2441,6.5558,5.6242,5.4481,5.5245,5.8475,6.4892,7.4328,7.8313,7.7699,7.6352,6.698,5.5781,4.4622,3.6848,3.1737,2.6847,2.4717
28.42,-54.50,2022,1,1,23.59,75.1109,77.6422,47.6961,18.6313,24.0132,12.1932,5.2356,17.5654,28.4059,32.4716,50.9783,28.4221,8.8844,4.6055,4.1567,5.0736,4.8435,4.6352,3.6942,2.9885,2.5386,1.6541,0.7354,0.3278,0.1822,0.1587,0.163,0.1682,0.1617,0.1401
86.70,27.37,2022,1,1,23.6,71.6925,57.5592,42.1022,37.063,44.8047,37.8024,27.3398,29.7684,37.9135,49.9427,40.8945,25.4231,16.8658,13.5092,11.3149,11.8018,11.2481,13.5447,15.5145,17.3207,18.7809,17.9364,19.7233,18.9406,18.0856,15.7354,11.775,10.0086,8.1754,5.7686
-65.21,40.29,2022,1,1,23.61,83.7914,63.2683,55.7241,35.6847,39.1814,62.882,29.2573,31.6718,39.0454,45.3764,53.8968,47.7381,4.5756,1.632,1.1793,1.1623,0.9899,0.7886,0.5166,0.3967,0.3225,0.2485,0.2094,0.1681,0.102,0.0726,0.0574,0.0468,0.0391,0.03
-47.54,103.06,2022,1,1,23.64,68.1677,18.5872,29.7228,24.2621,23.5142,45.2047,59.9822,45.0078,50.7564,57.0905,41.2121,17.519,5.5748,2.7262,2.2938,1.9831,1.7911,1.8024,1.5341,1.1382,1.1122,0.7449,0.4715,0.3137,0.224,0.1683,0.1171,0.074,0.0512,0.0366
47.33,-17.20,2022,1,1,23.65,71.0715,67.6619,63.9722,64.6205,55.9275,57.9575,47.2747,76.9978,21.0725,8.6994,4.2412,2.4814,2.1696,1.8991,1.769,1.8217,1.7988,1.875,2.2451,1.375,1.4378,1.5689,1.4679,1.3643,1.0461,0.6068,0.3179,0.2005,0.1204,0.0596
-69.46,-41.83,2022,1,1,23.66,68.8607,68.3984,46.8292,17.3595,33.3222,56.1185,45.0796,42.0263,43.4723,40.856,13.3654,6.2189,1.7948,0.7081,0.3629,0.2304,0.1703,0.1581,0.1425,0.1288,0.1152,0.093,0.0735,0.0664,0.0537,0.0465,0.0373,0.0291,0.0233,0.0184
60.24,-160.43,2022,1,1,23.7,65.213,25.8267,1.5546,-2.9305,2.6248,10.1265,20.2859,-5.3804,-9.7434,0.1265,2.314,1.3369,0.9535,0.7782,0.6821,0.5307,0.4505,0.3982,0.3125,0.3603,0.4151,0.4579,0.3641,0.2262,0.2136,0.2064,0.1862,0.1777,0.1794,0.158
-58.17,109.69,2022,1,1,23.71,80.2759,79.305,63.5993,67.5124,64.07,60.1712,61.4556,63.7059,53.1745,29.2583,4.8019,2.3644,1.4546,1.0324,0.6742,0.4969,0.5082,0.4587,0.3907,0.3423,0.2783,0.2314,0.1909,0.1538,0.0995,0.0624,0.0425,0.0337,0.0272,0.0207
-65.44,149.91,2022,1,1,23.71,84.0963,85.6532,78.7367,76.2302,72.4356,66.5371,57.6336,52.8338,47.66,45.926,14.9361,4.7985,2.2526,1.4104,0.8859,0.6388,0.4936,0.2769,0.1546,0.1098,0.0841,0.0784,0.0605,0.0455,0.0386,0.0319,0.0262,0.0219,0.018,0.0146
-43.60,-28.10,2022,1,1,23.77,80.7711,63.6226,39.6852,30.6324,34.4677,50.0977,44.0102,49.7161,63.8866,60.1552,54.7332,10.938,2.8512,1.4449,2.165,2.6294,3.0341,3.3752,2.5065,1.6482,1.1563,0.9918,0.7412,0.4935,0.3691,0.286,0.1897,0.1258,0.0741,0.0419
-46.24,-50.40,2022,1,1,23.79,80.7318,40.5362,37.0502,64.9799,64.6309,19.8019,23.5159,28.2969,29.6041,27.3917,14.1714,3.809,1.5275,1.5422,1.6411,1.4395,1.8397,1.9296,1.3379,0.8472,0.7113,0.539,0.4746,0.397,0.2633,0.1875,0.1348,0.0953,0.0675,0.0446
77.14,-0.13,2022,1,1,23.8,61.9259,27.2402,32.1046,41.8415,38.5056,48.8587,19.8041,33.7444,49.6531,22.1224,15.1613,7.7062,6.6569,6.8352,6.806,7.7957,8.7198,10.3095,11.672,13.2938,15.1465,18.4772,21.3481,17.3436,19.4574,21.0418,16.4001,11.3271,7.1938,4.3786
40.65,158.66,2022,1,1,23.83,57.8469,50.5197,41.9657,53.8422,66.2381,65.1242,67.0233,51.8389,10.7415,3.0727,1.0252,0.5355,0.4994,0.5258,0.5375,0.624,0.7311,0.753,0.9648,0.7434,0.508,0.4579,0.397,0.4116,0.4121,0.2934,0.1978,0.1436,0.1199,0.1079
-31.57,-5.73,2022,1,1,23.83,71.3209,13.9653,13.3996,8.4951,41.9148,70.4795,55.5919,21.6381,15.1706,10.4114,6.7391,3.5279,2.272,1.5974,2.6194,4.6868,6.2841,7.7229,6.9608,4.4202,2.7617,2.112,1.1698,0.7052,0.4485,0.3018,0.2352,0.1885,0.1419,0.0911
-78.11,-76.07,2022,1,1,23.86,81.5854,77.6041,65.7823,68.1573,56.078,52.8146,57.1039,58.7451,32.1541,14.873,6.3324,3.4327,1.9314,1.0438,0.5777,0.3036,0.1635,0.1081,0.093,0.0748,0.0645,0.0543,0.0422,0.0364,0.0314,0.0249,0.0208,0.0191,0.0159,0.0121
71.88,-135.89,2022,1,1,23.89,87.2435,65.2235,54.6185,32.4736,63.6936,62.2168,48.7572,31.2206,17.319,7.7944,4.0392,2.9367,2.3866,2.1697,1.8965,1.5243,1.3883,1.3363,1.2865,1.0948,0.951,0.8768,0.7666,0.7395,0.7288,0.6925,0.6493,0.5732,0.4436,0.3389
25.51,159.06,2022,1,1,23.9,62.9318,60.2556,8.8952,10.9243,4.8875,3.8748,6.1086,9.1743,2.9596,3.2221,4.2616,3.1134,4.3873,5.6862,6.8604,8.5911,12.1083,17.3908,18.8855,8.1323,3.3245,1.7393,1.6743,1.1379,0.575,0.3504,0.2237,0.1585,0.1275,0.1124
-21.04,-51.29,2022,1,1,23.91,63.3205,63.2238,63.3041,74.7812,67.0865,51.8895,23.945,7.5855,1.8274,1.6302,7.478,5.464,5.7567,9.6372,17.9899,22.5213,24.0473,29.0525,24.3099,13.1497,4.2809,1.7571,1.1049,0.7592,0.5772,0.4531,0.297,0.1858,0.1309,0.0918
26.09,132.54,2022,1,1,23.92,55.2986,56.2698,56.068,21.6559,2.7552,6.8229,25.735,13.1775,7.3168,13.6398,6.2273,2.573,6.1309,6.135,12.3593,15.5085,17.8127,16.7447,12.5958,6.0777,3.0566,2.1599,1.4164,0.8874,0.5641,0.3935,0.2938,0.2137,0.1586,0.1308
-70.51,-27.83,2022,1,1,23.93,82.2257,67.7355,37.9402,53.4824,50.7991,46.5033,27.0808,34.8196,48.2468,43.4635,9.9249,2.3624,0.8809,0.5754,0.4425,0.3041,0.2101,0.1673,0.1533,0.1374,0.1198,0.0981,0.0868,0.0674,0.0565,0.0481,0.0394,0.032,0.025,0.0188
-8.10,-14.10,2022,1,1,23.94,73.3665,27.9989,31.2346,13.0826,7.9289,9.6193,9.4184,11.3558,21.8698,34.2229,59.3873,57.9583,44.8379,34.9289,37.9052,48.0976,38.1529,28.3802,17.0483,9.9834,4.41,2.8111,2.2191,1.6138,1.1039,0.486,0.233,0.1395,0.1027,0.0668
66.86,162.12,2022,1,1,23.98,70.078,73.0477,80.4739,61.3933,60.8489,63.5749,73.7086,60.3945,64.4829,66.3548,33.9096,10.7398,3.622,2.4351,1.5031,1.1331,0.7414,0.5414,0.4754,0.4333,0.3165,0.3448,0.3386,0.278,0.2473,0.2018,0.1712,0.182,0.1528,0.1005
52.53,-174.58,2022,1,1,23.98,44.057,29.0371,25.2995,43.5803,22.1424,3.7651,18.0795,20.0407,26.7875,32.8403,45.2041,48.2448,10.0102,2.0069,1.1761,1.3928,1.6602,1.1552,0.6924,0.6753,0.5884,0.4108,0.3577,0.3532,0.2625,0.1805,0.1412,0.106,0.0847,0.0708
